{"accuracy": [0.6031723618507385, 0.8601180911064148, 0.9165232181549072, 0.9414041042327881, 0.9563269019126892, 0.965701699256897, 0.9718472361564636, 0.977039635181427, 0.9809232354164124, 0.9823031425476074], "loss": [1.3437278270721436, 0.4390808343887329, 0.25989994406700134, 0.17860545217990875, 0.1322508007287979, 0.10306490957736969, 0.08615198731422424, 0.06999218463897705, 0.05870341509580612, 0.055484600365161896], "val_accuracy": [0.8378101587295532, 0.9214659929275513, 0.9411563873291016, 0.954131543636322, 0.9496926665306091, 0.9602208137512207, 0.9544730186462402, 0.9560664892196655, 0.9613020420074463, 0.9664238691329956], "val_loss": [0.5223878622055054, 0.2480567991733551, 0.18606989085674286, 0.14689750969409943, 0.15681947767734528, 0.12619610130786896, 0.14560621976852417, 0.14895153045654297, 0.14106474816799164, 0.11297670006752014]}