{"accuracy": [0.5901415348052979, 0.853531539440155, 0.9106906652450562, 0.9394693970680237, 0.9531403183937073, 0.9645920991897583, 0.9713351130485535, 0.9746496677398682, 0.9797852039337158, 0.9818763732910156], "loss": [1.3822954893112183, 0.4607880413532257, 0.27717825770378113, 0.18667492270469666, 0.14097198843955994, 0.10985057801008224, 0.08530859649181366, 0.07670549303293228, 0.06289424747228622, 0.05644134432077408], "val_accuracy": [0.8408263325691223, 0.8929547071456909, 0.9232301115989685, 0.9466196298599243, 0.9528796076774597, 0.9407011270523071, 0.9480992555618286, 0.9586842656135559, 0.9635784029960632, 0.957659900188446], "val_loss": [0.5149344205856323, 0.32927387952804565, 0.24332475662231445, 0.16700513660907745, 0.1466970294713974, 0.193916916847229, 0.1732417792081833, 0.12911356985569, 0.12663844227790833, 0.15492643415927887]}